model,macro_f1,mean_roc_auc
logistic_liblinear,0.5315070644213172,0.9872273592936338
naive_bayes,0.39225679989193374,0.9624939085865649
