model,macro_f1
logistic_liblinear,0.5315070644213172
naive_bayes,0.39225679989193374
